{
  "bank blood 🩸": {
    "text": "",
    "file_id": "BQACAgQAAxkBAAOFaENMPutPoOkqGxH10PTXYpeYGQIAAiYlAAKmPfhRkCDdcMizMZs2BA",
    "buttons": []
  },
  "بنك فارما بلود": {
    "text": "📞 للتواصل مع الدعم",
    "file_id": "",
    "buttons": []
  },
  "سلام عليكم": {
    "text": "وعليكم السلام ورحمة الله وبركاته",
    "file_id": "",
    "buttons": []
  },
  "هل بنك فارما معتمد": {
    "text": "نعم معتمد الدكتورة قالت ذاكروا الاسئلة الي في آخر الملف",
    "file_id": "",
    "buttons": []
  },
  "هل بنك الفسيو بلود معتمد؟": {
    "text": "الدكتورة قالت عنه حلو بس يعني متقدرش نقول انه معتمد ١٠٠٪؜",
    "file_id": "",
    "buttons": []
  },
  "كل عام وانت بخير": {
    "text": "وانت بي الف خير",
    "file_id": "",
    "buttons": []
  },
  "شكرا": {
    "text": "عفوا",
    "file_id": "",
    "buttons": []
  },
  "البنوك المعتمد في بلود": {
    "text": "بايو \nفارما \nميكروا \nفسيو الدكتورة قالت عليه حلو فقط",
    "file_id": "",
    "buttons": []
  },
  "بنك البارا ينفع نعتمد": {
    "text": "لا الدكتورة قالت دا فقط للتدريب ومش هيجي منه ولا سوال",
    "file_id": "",
    "buttons": []
  },
  "هل بنك بارا معتمد": {
    "text": "لا مش معتمد",
    "file_id": "",
    "buttons": []
  },
  "هو الكلينكال مش هينزلها بنك": {
    "text": "لحد الان على الاغلب لا",
    "file_id": "",
    "buttons": []
  },
  "البنوك المعتمد بلود": {
    "text": "بايو \nفارما \nميكروا \nفسيو الدكتورة قالت عليه حلو فقط",
    "file_id": "",
    "buttons": []
  },
  "موعد امتحان الكلينكال": {
    "text": "11/6",
    "file_id": "",
    "buttons": []
  },
  "جدول الامتحانات": {
    "text": "",
    "file_id": "AgACAgQAAxkBAAICRGhDh9IYHrMBvZFBxAhX6h0ZWe1-AAJSyDEbbkoZUrFzmHnGsIPUAQADAgADeQADNgQ",
    "buttons": []
  },
  "جدول امتحانات": {
    "text": "",
    "file_id": "AgACAgQAAxkBAAICRGhDh9IYHrMBvZFBxAhX6h0ZWe1-AAJSyDEbbkoZUrFzmHnGsIPUAQADAgADeQADNgQ",
    "buttons": []
  },
  "جدول": {
    "text": "",
    "file_id": "AgACAgQAAxkBAAICXWhDiG2Hky3zcU_HOzqukfCq5bLUAAJTyDEbbkoZUm60I3bxR74lAQADAgADeQADNgQ",
    "buttons": []
  },
  "بنوك البلود": {
    "text": "بايو \nفارما \nميكروا \nفسيو الدكتورة قالت عليه حلو فقط",
    "file_id": "",
    "buttons": []
  }
}