{
  "سلام عليكم": {
    "text": "وعليكم السلام ورحمة الله وبركاته",
    "file_id": "",
    "buttons": []
  },
  "blood": {
    "text": "",
    "file_id": "BQACAgQAAxkBAAMkaENA12PfN00OOu7FT7pMXoA91-sAAuAaAAKmPQABUgHxnua4RbloNgQ",
    "buttons": []
  },
  "بنك ميكروا بلود": {
    "text": "",
    "file_id": "BQACAgQAAxkBAAOFaENMPutPoOkqGxH10PTXYpeYGQIAAiYlAAKmPfhRkCDdcMizMZs2BA",
    "buttons": []
  },
  "بنك فارما بلود": {
    "text": "",
    "file_id": "BQACAgQAAxkBAAMkaENA12PfN00OOu7FT7pMXoA91-sAAuAaAAKmPQABUgHxnua4RbloNgQ",
    "buttons": []
  },
  "بنك بايو بلود": {
    "text": "",
    "file_id": "BQACAgQAAxkBAAOHaENMPnWKdkmoCiTS48374RBqa_YAAtMaAAKmPQABUvq-wrT7VEOjNgQ",
    "buttons": []
  },
  "بنك فسيو بلود": {
    "text": "",
    "file_id": "BQACAgQAAxkBAAOGaENMPv4fujjL0igwlmvGTrSOrvAAAiglAAKmPfhRKxaJc4ikFG42BA",
    "buttons": []
  },
  "هل بنك الفارما معتمد ؟": {
    "text": "الدكتورة قالت ذاكروا الأسئلة الي في آخر محاضرات وهو البنك عابره عن الاسئلة الي في آخر محاضرات يعني معتمد",
    "file_id": "",
    "buttons": []
  },
  "هل بنك الميكروا معتمد؟": {
    "text": "نعم معتمد من الدكتورة باذن الله",
    "file_id": "",
    "buttons": []
  },
  "هل بنك الفسيو بلود معتمد ؟": {
    "text": "الدكتورة قالت حلو بس يعني مش اوي",
    "file_id": "",
    "buttons": []
  },
  "هل بنك ميكروا البلود معتمد ؟": {
    "text": "نعم باذن الله",
    "file_id": "",
    "buttons": []
  }
}