{
  "1749240777": {
    "questions": [
      {
        "question": "Test",
        "options": [
          "1",
          "2",
          "3",
          "4"
        ],
        "correct_answer": 0,
        "time_limit": 60
      },
      {
        "question": "Hi",
        "options": [
          "1",
          "2",
          "3",
          "4"
        ],
        "correct_answer": 3,
        "time_limit": 60
      }
    ],
    "created_by": 6871615592,
    "created_at": "1749240777",
    "total_questions": 2
  }
}